{
  "variables_entrada": [
    "rms",
    "freq_dom_hz",
    "f2hz",
    "f5hz",
    "f10hz",
    "f20hz",
    "f35hz",
    "distancia_cm",
    "asentamiento_cm"
  ],
  "media": [
    0.03682662184873949,
    23.858823529411765,
    0.0012404571428571427,
    0.0020259731092436973,
    0.0015156403361344538,
    0.00400675294117647,
    0.0017077915966386553,
    9.058996638655461,
    -2.132383193277311
  ],
  "desviacion_estandar": [
    0.028152450041593124,
    12.578903318650262,
    0.0013683119156769165,
    0.0019540096503248396,
    0.0017931789119152895,
    0.00411015606742929,
    0.0024059804591919313,
    1.0031062730073441,
    1.0030930288819095
  ],
  "mapa_clases": {
    "normal": 0,
    "alerta": 1,
    "critico": 2
  },
  "umbral_alerta_mm": 8.0,
  "umbral_critico_mm": 13.0
}